s_no,error_type,username,user_id,osm_location_link,changeset_id,changeset_link,osm_object_type,osm_object_id,time_utc,country,detail,hashtag
1,floating highway,Maurício Antonio,21571890,https://www.openstreetmap.org/#map=18/-4.267229/-41.791470,184888627,https://www.openstreetmap.org/changeset/184888627,way,335063194,2026-07-01T01:56:45Z,Brazil,way 335063194: neither endpoint connects to any other highway -- isolated from the road network,tomtom
2,floating highway,Maurício Antonio,21571890,https://www.openstreetmap.org/#map=18/-4.267140/-41.793877,184888627,https://www.openstreetmap.org/changeset/184888627,way,375488330,2026-07-01T01:56:45Z,Brazil,way 375488330: neither endpoint connects to any other highway -- isolated from the road network,tomtom
3,floating highway,Maurício Antonio,21571890,https://www.openstreetmap.org/#map=18/-4.308938/-41.763270,184888945,https://www.openstreetmap.org/changeset/184888945,way,1534122250,2026-07-01T02:10:48Z,Brazil,way 1534122250: neither endpoint connects to any other highway -- isolated from the road network,tomtom
4,floating highway,Akash Moghe,24155852,https://www.openstreetmap.org/#map=18/-6.594060/106.783028,184893514,https://www.openstreetmap.org/changeset/184893514,way,878098744,2026-07-01T04:53:06Z,Indonesia,way 878098744: neither endpoint connects to any other highway -- isolated from the road network,tomtom
5,duplicated node,Ichiroichira,23613319,https://www.openstreetmap.org/#map=18/-6.280161/106.745559,184901392,https://www.openstreetmap.org/changeset/184901392,node,13979904591,2026-07-01T08:46:50Z,Indonesia,within 0.00m of node 13979904592,tomtom
6,duplicated node,Ichiroichira,23613319,https://www.openstreetmap.org/#map=18/-6.280278/106.745956,184901257,https://www.openstreetmap.org/changeset/184901257,node,13979965273,2026-07-01T08:43:59Z,Indonesia,within 0.00m of node 13979965274,tomtom
7,duplicated node,Ichiroichira,23613319,https://www.openstreetmap.org/#map=18/-6.280278/106.745956,184901257,https://www.openstreetmap.org/changeset/184901257,node,13979965273,2026-07-01T08:43:59Z,Indonesia,within 0.00m of node 13979965275,tomtom
8,duplicated node,Ichiroichira,23613319,https://www.openstreetmap.org/#map=18/-6.280278/106.745956,184901257,https://www.openstreetmap.org/changeset/184901257,node,13979965273,2026-07-01T08:43:59Z,Indonesia,within 0.00m of node 13979965276,tomtom
9,duplicated node,Ichiroichira,23613319,https://www.openstreetmap.org/#map=18/-6.280278/106.745956,184901257,https://www.openstreetmap.org/changeset/184901257,node,13979965274,2026-07-01T08:43:59Z,Indonesia,within 0.00m of node 13979965275,tomtom
10,duplicated node,Ichiroichira,23613319,https://www.openstreetmap.org/#map=18/-6.280278/106.745956,184901257,https://www.openstreetmap.org/changeset/184901257,node,13979965274,2026-07-01T08:43:59Z,Indonesia,within 0.00m of node 13979965276,tomtom
11,duplicated node,Ichiroichira,23613319,https://www.openstreetmap.org/#map=18/-6.280278/106.745956,184901257,https://www.openstreetmap.org/changeset/184901257,node,13979965275,2026-07-01T08:43:59Z,Indonesia,within 0.00m of node 13979965276,tomtom
12,feature mapped without primary tag,Metauro,20432920,https://www.openstreetmap.org/#map=18/-8.270249/-35.990811,184904089,https://www.openstreetmap.org/changeset/184904089,node,13980055895,2026-07-01T09:43:49Z,Brazil,node 13980055895: tags present but none are a primary key: ['fixme'],tomtom
13,feature mapped without primary tag,Metauro,20432920,https://www.openstreetmap.org/#map=18/-8.270285/-35.990879,184904089,https://www.openstreetmap.org/changeset/184904089,node,13980055897,2026-07-01T09:43:49Z,Brazil,node 13980055897: tags present but none are a primary key: ['fixme'],tomtom
14,feature mapped without primary tag,Metauro,20432920,https://www.openstreetmap.org/#map=18/-8.269894/-35.990818,184904089,https://www.openstreetmap.org/changeset/184904089,node,3828383961,2026-07-01T09:43:49Z,Brazil,node 3828383961: tags present but none are a primary key: ['fixme'],tomtom
15,feature mapped without primary tag,Nar_ach,14727398,https://www.openstreetmap.org/#map=18/16.482014/76.290406,184905398,https://www.openstreetmap.org/changeset/184905398,node,245636340,2026-07-01T10:13:01Z,India,node 245636340: tags present but none are a primary key: ['source'],tomtom
16,floating highway,Akash Moghe,24155852,https://www.openstreetmap.org/#map=18/-6.603495/106.767491,184893368,https://www.openstreetmap.org/changeset/184893368,way,158439263,2026-07-01T04:48:12Z,Indonesia,way 158439263: neither endpoint connects to any other highway -- isolated from the road network,tomtom
17,floating highway,Akash Moghe,24155852,https://www.openstreetmap.org/#map=18/-6.598188/106.762465,184893258,https://www.openstreetmap.org/changeset/184893258,way,167705361,2026-07-01T04:44:26Z,Indonesia,way 167705361: neither endpoint connects to any other highway -- isolated from the road network,tomtom
18,feature mapped without primary tag,Tinetto,14728702,https://www.openstreetmap.org/#map=18/36.899501/30.620452,184911100,https://www.openstreetmap.org/changeset/184911100,node,11893554723,2026-07-01T12:23:00Z,Turkey,node 11893554723: tags present but none are a primary key: ['fixme'],tomtom
19,feature mapped without primary tag,Tinetto,14728702,https://www.openstreetmap.org/#map=18/36.899688/30.620495,184911100,https://www.openstreetmap.org/changeset/184911100,node,11893554727,2026-07-01T12:23:00Z,Turkey,node 11893554727: tags present but none are a primary key: ['fixme'],tomtom
20,feature mapped without primary tag,Tinetto,14728702,https://www.openstreetmap.org/#map=18/36.896859/30.619614,184911100,https://www.openstreetmap.org/changeset/184911100,node,11893554933,2026-07-01T12:23:00Z,Turkey,node 11893554933: tags present but none are a primary key: ['fixme'],tomtom
21,feature mapped without primary tag,Tinetto,14728702,https://www.openstreetmap.org/#map=18/36.897434/30.620100,184911100,https://www.openstreetmap.org/changeset/184911100,node,11893554938,2026-07-01T12:23:00Z,Turkey,node 11893554938: tags present but none are a primary key: ['fixme'],tomtom
22,feature mapped without primary tag,Tinetto,14728702,https://www.openstreetmap.org/#map=18/36.897262/30.619942,184911100,https://www.openstreetmap.org/changeset/184911100,node,11893554940,2026-07-01T12:23:00Z,Turkey,node 11893554940: tags present but none are a primary key: ['fixme'],tomtom
23,feature mapped without primary tag,Tinetto,14728702,https://www.openstreetmap.org/#map=18/36.898185/30.620612,184911100,https://www.openstreetmap.org/changeset/184911100,node,11893554949,2026-07-01T12:23:00Z,Turkey,node 11893554949: tags present but none are a primary key: ['fixme'],tomtom
24,duplicated node,Shel_Sri,15008590,https://www.openstreetmap.org/#map=18/25.416630/84.299950,184910464,https://www.openstreetmap.org/changeset/184910464,node,13980290345,2026-07-01T12:10:16Z,India,within 0.00m of node 13980290346,tomtom
25,duplicated node,Shel_Sri,15008590,https://www.openstreetmap.org/#map=18/25.416630/84.299950,184910464,https://www.openstreetmap.org/changeset/184910464,node,13980290345,2026-07-01T12:10:16Z,India,within 0.00m of node 13980290517,tomtom
26,duplicated node,Shel_Sri,15008590,https://www.openstreetmap.org/#map=18/25.416630/84.299950,184910464,https://www.openstreetmap.org/changeset/184910464,node,13980290346,2026-07-01T12:10:16Z,India,within 0.00m of node 13980290517,tomtom
27,feature mapped without primary tag,Shel_Sri,15008590,https://www.openstreetmap.org/#map=18/25.479663/84.429891,184915956,https://www.openstreetmap.org/changeset/184915956,node,13980613661,2026-07-01T13:57:26Z,India,node 13980613661: tags present but none are a primary key: ['fixme'],tomtom
28,feature mapped without primary tag,Shel_Sri,15008590,https://www.openstreetmap.org/#map=18/25.478983/84.434926,184915956,https://www.openstreetmap.org/changeset/184915956,node,13980613664,2026-07-01T13:57:26Z,India,node 13980613664: tags present but none are a primary key: ['fixme'],tomtom
29,feature mapped without primary tag,Shel_Sri,15008590,https://www.openstreetmap.org/#map=18/25.478643/84.439794,184915956,https://www.openstreetmap.org/changeset/184915956,node,13980613665,2026-07-01T13:57:26Z,India,node 13980613665: tags present but none are a primary key: ['fixme'],tomtom
30,feature mapped without primary tag,Shel_Sri,15008590,https://www.openstreetmap.org/#map=18/25.478514/84.441736,184915956,https://www.openstreetmap.org/changeset/184915956,node,13980613666,2026-07-01T13:57:26Z,India,node 13980613666: tags present but none are a primary key: ['fixme'],tomtom
31,feature mapped without primary tag,Shel_Sri,15008590,https://www.openstreetmap.org/#map=18/25.478619/84.440647,184915956,https://www.openstreetmap.org/changeset/184915956,node,9168713704,2026-07-01T13:57:26Z,India,node 9168713704: tags present but none are a primary key: ['fixme'],tomtom
32,feature mapped without primary tag,Shel_Sri,15008590,https://www.openstreetmap.org/#map=18/25.479277/84.431496,184915956,https://www.openstreetmap.org/changeset/184915956,node,9168749467,2026-07-01T13:57:26Z,India,node 9168749467: tags present but none are a primary key: ['fixme'],tomtom
33,feature mapped without primary tag,Shel_Sri,15008590,https://www.openstreetmap.org/#map=18/25.496212/84.479531,184915956,https://www.openstreetmap.org/changeset/184915956,node,9168809388,2026-07-01T13:57:26Z,India,node 9168809388: tags present but none are a primary key: ['fixme'],tomtom
34,feature mapped without primary tag,Shel_Sri,15008590,https://www.openstreetmap.org/#map=18/25.479740/84.429167,184915956,https://www.openstreetmap.org/changeset/184915956,node,9169451107,2026-07-01T13:57:26Z,India,node 9169451107: tags present but none are a primary key: ['fixme'],tomtom
35,feature mapped without primary tag,Shel_Sri,15008590,https://www.openstreetmap.org/#map=18/25.486497/84.461444,184915956,https://www.openstreetmap.org/changeset/184915956,node,9169511983,2026-07-01T13:57:26Z,India,node 9169511983: tags present but none are a primary key: ['fixme'],tomtom
36,feature mapped without primary tag,Shel_Sri,15008590,https://www.openstreetmap.org/#map=18/25.487029/84.461874,184915956,https://www.openstreetmap.org/changeset/184915956,node,9169511989,2026-07-01T13:57:26Z,India,node 9169511989: tags present but none are a primary key: ['fixme'],tomtom
37,feature mapped without primary tag,Shel_Sri,15008590,https://www.openstreetmap.org/#map=18/25.485086/84.460213,184915956,https://www.openstreetmap.org/changeset/184915956,node,9169534831,2026-07-01T13:57:26Z,India,node 9169534831: tags present but none are a primary key: ['fixme'],tomtom
38,feature mapped without primary tag,Shel_Sri,15008590,https://www.openstreetmap.org/#map=18/25.487212/84.462032,184915956,https://www.openstreetmap.org/changeset/184915956,node,9170889232,2026-07-01T13:57:26Z,India,node 9170889232: tags present but none are a primary key: ['fixme'],tomtom
39,feature mapped without primary tag,Shel_Sri,15008590,https://www.openstreetmap.org/#map=18/25.499201/84.495571,184915956,https://www.openstreetmap.org/changeset/184915956,node,5638598998,2026-07-01T13:57:26Z,India,node 5638598998: tags present but none are a primary key: ['fixme'],tomtom
40,feature mapped without primary tag,Metauro,20432920,https://www.openstreetmap.org/#map=18/25.851422/87.296762,184915910,https://www.openstreetmap.org/changeset/184915910,node,13980592657,2026-07-01T13:56:22Z,India,node 13980592657: tags present but none are a primary key: ['fixme'],tomtom
41,feature mapped without primary tag,Shel_Sri,15008590,https://www.openstreetmap.org/#map=18/25.502013/84.506120,184913612,https://www.openstreetmap.org/changeset/184913612,node,13980425375,2026-07-01T13:16:03Z,India,node 13980425375: tags present but none are a primary key: ['fixme'],tomtom
42,feature mapped without primary tag,Shel_Sri,15008590,https://www.openstreetmap.org/#map=18/25.502665/84.507653,184913612,https://www.openstreetmap.org/changeset/184913612,node,13980425376,2026-07-01T13:16:03Z,India,node 13980425376: tags present but none are a primary key: ['fixme'],tomtom
43,feature mapped without primary tag,Shel_Sri,15008590,https://www.openstreetmap.org/#map=18/25.503136/84.509403,184913612,https://www.openstreetmap.org/changeset/184913612,node,13980425379,2026-07-01T13:16:03Z,India,node 13980425379: tags present but none are a primary key: ['fixme'],tomtom
44,feature mapped without primary tag,Shel_Sri,15008590,https://www.openstreetmap.org/#map=18/25.504333/84.511140,184913612,https://www.openstreetmap.org/changeset/184913612,node,13980425380,2026-07-01T13:16:03Z,India,node 13980425380: tags present but none are a primary key: ['fixme'],tomtom
45,feature mapped without primary tag,Shel_Sri,15008590,https://www.openstreetmap.org/#map=18/25.516920/84.539799,184913612,https://www.openstreetmap.org/changeset/184913612,node,13980425386,2026-07-01T13:16:03Z,India,node 13980425386: tags present but none are a primary key: ['fixme'],tomtom
46,feature mapped without primary tag,Shel_Sri,15008590,https://www.openstreetmap.org/#map=18/25.517223/84.539904,184913612,https://www.openstreetmap.org/changeset/184913612,node,13980425387,2026-07-01T13:16:03Z,India,node 13980425387: tags present but none are a primary key: ['fixme'],tomtom
47,feature mapped without primary tag,Shel_Sri,15008590,https://www.openstreetmap.org/#map=18/25.517092/84.534624,184913612,https://www.openstreetmap.org/changeset/184913612,node,13980425390,2026-07-01T13:16:03Z,India,node 13980425390: tags present but none are a primary key: ['fixme'],tomtom
48,feature mapped without primary tag,Shel_Sri,15008590,https://www.openstreetmap.org/#map=18/25.501813/84.506434,184913612,https://www.openstreetmap.org/changeset/184913612,node,9180074149,2026-07-01T13:16:03Z,India,node 9180074149: tags present but none are a primary key: ['fixme'],tomtom
49,feature mapped without primary tag,Shel_Sri,15008590,https://www.openstreetmap.org/#map=18/25.502943/84.508178,184913612,https://www.openstreetmap.org/changeset/184913612,node,9180153099,2026-07-01T13:16:03Z,India,node 9180153099: tags present but none are a primary key: ['fixme'],tomtom
50,feature mapped without primary tag,Shel_Sri,15008590,https://www.openstreetmap.org/#map=18/25.501316/84.505381,184913612,https://www.openstreetmap.org/changeset/184913612,node,9181852894,2026-07-01T13:16:03Z,India,node 9181852894: tags present but none are a primary key: ['fixme'],tomtom
